{"cameraMode":{"drawMode":0,"name":"Shaded","section":"Shading Mode"},"sceneLighting":true,"audioPlay":false,"sceneViewState":{"showFog":true,"showMaterialUpdate":false,"showSkybox":true,"showFlares":true,"showImageEffects":true,"showParticleSystems":true},"in2DMode":false,"pivot":{"x":3.424652338027954,"y":4.182530403137207,"z":6.144750595092773},"rotation":{"x":0.19203415513038636,"y":-0.36515772342681887,"z":0.0772581398487091,"w":0.907642126083374},"size":23.595956802368165,"orthographic":false}