{"cameraMode":{"drawMode":0,"name":"Shaded","section":"Shading Mode"},"sceneLighting":true,"audioPlay":false,"sceneViewState":{"showFog":true,"showMaterialUpdate":false,"showSkybox":true,"showFlares":true,"showImageEffects":true,"showParticleSystems":true},"in2DMode":false,"pivot":{"x":2.585909366607666,"y":-2.65517520904541,"z":-19.64716339111328},"rotation":{"x":0.05131006985902786,"y":0.9455309510231018,"z":-0.26352599263191225,"w":0.18410144746303559},"size":7.256407737731934,"orthographic":false}