{"cameraMode":{"drawMode":0,"name":"Shaded","section":"Shading Mode"},"sceneLighting":true,"audioPlay":false,"sceneViewState":{"showFog":true,"showMaterialUpdate":false,"showSkybox":true,"showFlares":true,"showImageEffects":true,"showParticleSystems":true},"in2DMode":false,"pivot":{"x":0.6991405487060547,"y":4.849999904632568,"z":0.4700000286102295},"rotation":{"x":0.2573203146457672,"y":-0.3764352798461914,"z":0.10967367142438889,"w":0.8832074403762817},"size":10.0,"orthographic":false}